neuron,timestep
Brick-1.0,100
Brick-1.1,100
Brick-1.2,100
Brick-1.3,100
Brick-1.4,100
Brick-1.5,100
Brick-1.6,100
Brick-1.7,100
Brick-1.8,100
Brick-1.9,100
Brick-1.10,100
Brick-1.11,100
Brick-1.12,100
Brick-1.13,100
Brick-1.14,100
Brick-1.15,100
Brick-1.16,100
Brick-1.17,100
Brick-1.18,100
Brick-1.19,100
Brick-1.20,100
Brick-1.21,100
Brick-1.22,100
Brick-1.23,100
Brick-1.24,100
Brick-1.25,100
Brick-1.26,100
Brick-1.27,100
Brick-1.28,100
Brick-1.29,100
Brick-1.30,100
Brick-1.31,100
Brick-1.32,100
Brick-1.33,100
Brick-1.34,100
Brick-1.35,100
Brick-1.36,100
Brick-1.37,100
Brick-1.38,100
Brick-1.39,100
Brick-1.40,100
Brick-1.41,100
Brick-1.42,100
Brick-1.43,100
Brick-1.44,100
Brick-1.45,100
Brick-1.46,100
Brick-1.47,100
Brick-1.48,100
Brick-1.49,100
Brick-1.50,100
Brick-1.51,100
Brick-1.52,100
Brick-1.53,100
Brick-1.54,100
Brick-1.55,100
Brick-1.56,100
Brick-1.57,100
Brick-1.58,100
Brick-1.59,100
Brick-1.60,100
Brick-1.61,100
Brick-1.62,100
Brick-1.63,100
Brick-1.64,100
Brick-1.65,100
Brick-1.66,100
Brick-1.67,100
Brick-1.68,100
Brick-1.69,100
Brick-1.70,100
Brick-1.71,100
Brick-1.72,100
Brick-1.73,100
Brick-1.74,100
Brick-1.75,100
Brick-1.76,100
Brick-1.77,100
Brick-1.78,100
Brick-1.79,100
Brick-1.80,100
Brick-1.81,100
Brick-1.82,100
Brick-1.83,100
Brick-1.84,100
Brick-1.85,100
Brick-1.86,100
Brick-1.87,100
Brick-1.88,100
Brick-1.89,100
Brick-1.90,100
Brick-1.91,100
Brick-1.92,100
Brick-1.93,100
Brick-1.94,100
Brick-1.95,100
Brick-1.96,100
Brick-1.97,100
Brick-1.98,100
Brick-1.99,100
Brick-1.100,100
Brick-1.101,100
Brick-1.102,100
Brick-1.103,100
Brick-1.104,100
Brick-1.105,100
Brick-1.106,100
Brick-1.107,100
Brick-1.108,100
Brick-1.109,100
Brick-1.110,100
Brick-1.111,100
Brick-1.112,100
Brick-1.113,100
Brick-1.114,100
Brick-1.115,100
Brick-1.116,100
Brick-1.117,100
Brick-1.118,100
Brick-1.119,100
Brick-1.120,100
Brick-1.121,100
Brick-1.122,100
Brick-1.123,100
Brick-1.124,100
Brick-1.125,100
Brick-1.126,100
Brick-1.127,100
Brick-1.128,100
Brick-1.129,100
Brick-1.130,100
Brick-1.131,100
Brick-1.132,100
Brick-1.133,100
Brick-1.134,100
Brick-1.135,100
Brick-1.136,100
Brick-1.137,100
Brick-1.138,100
Brick-1.139,100
Brick-1.140,100
Brick-1.141,100
Brick-1.142,100
Brick-1.143,100
Brick-1.144,100
Brick-1.145,100
Brick-1.146,100
Brick-1.147,100
Brick-1.148,100
Brick-1.149,100
Brick-1.150,100
Brick-1.151,100
Brick-1.152,100
Brick-1.153,100
Brick-1.154,100
Brick-1.155,100
Brick-1.156,100
Brick-1.157,100
Brick-1.158,100
Brick-1.159,100
Brick-1.160,100
Brick-1.161,100
Brick-1.162,100
Brick-1.163,100
Brick-1.164,100
Brick-1.165,100
Brick-1.166,100
Brick-1.167,100
Brick-1.168,100
Brick-1.169,100
Brick-1.170,100
Brick-1.171,100
Brick-1.172,100
Brick-1.173,100
Brick-1.174,100
Brick-1.175,100
Brick-1.176,100
Brick-1.177,100
Brick-1.178,100
Brick-1.179,100
Brick-1.180,100
Brick-1.181,100
Brick-1.182,100
Brick-1.183,100
Brick-1.184,100
Brick-1.185,100
Brick-1.186,100
Brick-1.187,100
Brick-1.188,100
Brick-1.189,100
Brick-1.190,100
Brick-1.191,100
Brick-1.192,100
Brick-1.193,100
Brick-1.194,100
Brick-1.195,100
Brick-1.196,100
Brick-1.197,100
Brick-1.198,100
Brick-1.199,100
Brick-1.160,145
Brick-1.33,147
Brick-1.122,147
Brick-1.184,147
Brick-1.118,148
Brick-1.10,149
Brick-1.77,149
Brick-1.82,149
Brick-1.101,149
Brick-1.120,149
Brick-1.148,149
Brick-1.167,149
Brick-1.168,149
Brick-1.15,150
Brick-1.20,150
Brick-1.26,150
Brick-1.27,150
Brick-1.74,150
Brick-1.79,150
Brick-1.89,150
Brick-1.103,150
Brick-1.106,150
Brick-1.133,150
Brick-1.159,150
Brick-1.175,150
Brick-1.182,150
Brick-1.199,150
Brick-1.14,151
Brick-1.17,151
Brick-1.22,151
Brick-1.25,151
Brick-1.28,151
Brick-1.30,151
Brick-1.47,151
Brick-1.50,151
Brick-1.58,151
Brick-1.66,151
Brick-1.68,151
Brick-1.76,151
Brick-1.78,151
Brick-1.87,151
Brick-1.95,151
Brick-1.105,151
Brick-1.109,151
Brick-1.111,151
Brick-1.116,151
Brick-1.119,151
Brick-1.121,151
Brick-1.132,151
Brick-1.142,151
Brick-1.146,151
Brick-1.147,151
Brick-1.150,151
Brick-1.152,151
Brick-1.155,151
Brick-1.161,151
Brick-1.163,151
Brick-1.166,151
Brick-1.170,151
Brick-1.178,151
Brick-1.179,151
Brick-1.183,151
Brick-1.188,151
Brick-1.197,151
Brick-1.0,152
Brick-1.1,152
Brick-1.3,152
Brick-1.6,152
Brick-1.8,152
Brick-1.9,152
Brick-1.12,152
Brick-1.18,152
Brick-1.19,152
Brick-1.31,152
Brick-1.32,152
Brick-1.34,152
Brick-1.36,152
Brick-1.37,152
Brick-1.38,152
Brick-1.40,152
Brick-1.42,152
Brick-1.45,152
Brick-1.46,152
Brick-1.51,152
Brick-1.52,152
Brick-1.53,152
Brick-1.55,152
Brick-1.57,152
Brick-1.59,152
Brick-1.60,152
Brick-1.61,152
Brick-1.62,152
Brick-1.65,152
Brick-1.71,152
Brick-1.72,152
Brick-1.84,152
Brick-1.85,152
Brick-1.92,152
Brick-1.93,152
Brick-1.97,152
Brick-1.104,152
Brick-1.107,152
Brick-1.108,152
Brick-1.110,152
Brick-1.112,152
Brick-1.113,152
Brick-1.115,152
Brick-1.123,152
Brick-1.124,152
Brick-1.126,152
Brick-1.127,152
Brick-1.129,152
Brick-1.134,152
Brick-1.136,152
Brick-1.137,152
Brick-1.138,152
Brick-1.139,152
Brick-1.140,152
Brick-1.141,152
Brick-1.144,152
Brick-1.145,152
Brick-1.149,152
Brick-1.151,152
Brick-1.153,152
Brick-1.154,152
Brick-1.156,152
Brick-1.157,152
Brick-1.162,152
Brick-1.165,152
Brick-1.169,152
Brick-1.171,152
Brick-1.172,152
Brick-1.174,152
Brick-1.176,152
Brick-1.180,152
Brick-1.185,152
Brick-1.186,152
Brick-1.187,152
Brick-1.190,152
Brick-1.191,152
Brick-1.192,152
Brick-1.194,152
Brick-1.196,152
Brick-1.2,153
Brick-1.5,153
Brick-1.11,153
Brick-1.13,153
Brick-1.16,153
Brick-1.21,153
Brick-1.23,153
Brick-1.24,153
Brick-1.29,153
Brick-1.35,153
Brick-1.39,153
Brick-1.41,153
Brick-1.43,153
Brick-1.44,153
Brick-1.48,153
Brick-1.49,153
Brick-1.54,153
Brick-1.56,153
Brick-1.63,153
Brick-1.64,153
Brick-1.67,153
Brick-1.69,153
Brick-1.70,153
Brick-1.73,153
Brick-1.75,153
Brick-1.80,153
Brick-1.81,153
Brick-1.83,153
Brick-1.86,153
Brick-1.88,153
Brick-1.90,153
Brick-1.91,153
Brick-1.94,153
Brick-1.96,153
Brick-1.98,153
Brick-1.99,153
Brick-1.100,153
Brick-1.102,153
Brick-1.114,153
Brick-1.117,153
Brick-1.128,153
Brick-1.130,153
Brick-1.131,153
Brick-1.135,153
Brick-1.143,153
Brick-1.158,153
Brick-1.164,153
Brick-1.173,153
Brick-1.177,153
Brick-1.189,153
Brick-1.193,153
Brick-1.195,153
Brick-1.198,153
Brick-1.4,154
Brick-1.7,154
Brick-1.125,154
Brick-1.181,154
Brick-1.160,190
Brick-1.122,194
Brick-1.33,195
Brick-1.184,195
Brick-1.118,197
Brick-1.10,199
Brick-1.77,199
Brick-1.101,199
Brick-1.167,199
Brick-1.168,199
Brick-1.82,200
Brick-1.120,200
Brick-1.89,201
Brick-1.148,201
Brick-1.159,201
Brick-1.15,202
Brick-1.20,202
Brick-1.26,202
Brick-1.103,202
Brick-1.133,202
Brick-1.27,203
Brick-1.74,203
Brick-1.79,203
Brick-1.106,203
Brick-1.175,203
Brick-1.182,203
Brick-1.25,204
Brick-1.183,204
Brick-1.47,205
Brick-1.66,205
Brick-1.76,205
Brick-1.132,205
Brick-1.199,205
Brick-1.17,206
Brick-1.28,206
Brick-1.50,206
Brick-1.68,206
Brick-1.78,206
Brick-1.87,206
Brick-1.105,206
Brick-1.116,206
Brick-1.121,206
Brick-1.146,206
Brick-1.147,206
Brick-1.150,206
Brick-1.161,206
Brick-1.163,206
Brick-1.179,206
Brick-1.197,206
Brick-1.14,207
Brick-1.22,207
Brick-1.30,207
Brick-1.58,207
Brick-1.95,207
Brick-1.109,207
Brick-1.111,207
Brick-1.119,207
Brick-1.142,207
Brick-1.155,207
Brick-1.166,207
Brick-1.170,207
Brick-1.178,207
Brick-1.188,207
Brick-1.18,208
Brick-1.104,208
Brick-1.152,208
Brick-1.186,208
Brick-1.9,209
Brick-1.32,209
Brick-1.38,209
Brick-1.45,209
Brick-1.84,209
Brick-1.92,209
Brick-1.97,209
Brick-1.124,209
Brick-1.127,209
Brick-1.136,209
Brick-1.137,209
Brick-1.144,209
Brick-1.145,209
Brick-1.165,209
Brick-1.169,209
Brick-1.174,209
Brick-1.191,209
Brick-1.0,210
Brick-1.1,210
Brick-1.3,210
Brick-1.6,210
Brick-1.8,210
Brick-1.12,210
Brick-1.19,210
Brick-1.34,210
Brick-1.37,210
Brick-1.40,210
Brick-1.46,210
Brick-1.51,210
Brick-1.52,210
Brick-1.55,210
Brick-1.57,210
Brick-1.59,210
Brick-1.60,210
Brick-1.62,210
Brick-1.85,210
Brick-1.107,210
Brick-1.108,210
Brick-1.112,210
Brick-1.113,210
Brick-1.115,210
Brick-1.126,210
Brick-1.129,210
Brick-1.134,210
Brick-1.139,210
Brick-1.141,210
Brick-1.149,210
Brick-1.154,210
Brick-1.156,210
Brick-1.157,210
Brick-1.171,210
Brick-1.172,210
Brick-1.176,210
Brick-1.180,210
Brick-1.187,210
Brick-1.190,210
Brick-1.192,210
Brick-1.194,210
Brick-1.31,211
Brick-1.36,211
Brick-1.42,211
Brick-1.53,211
Brick-1.61,211
Brick-1.65,211
Brick-1.72,211
Brick-1.110,211
Brick-1.138,211
Brick-1.140,211
Brick-1.151,211
Brick-1.153,211
Brick-1.162,211
Brick-1.185,211
Brick-1.196,211
Brick-1.71,212
Brick-1.93,212
Brick-1.123,212
Brick-1.64,214
Brick-1.83,214
Brick-1.11,215
Brick-1.69,215
Brick-1.158,215
Brick-1.35,216
Brick-1.41,216
Brick-1.48,216
Brick-1.75,216
Brick-1.88,216
Brick-1.100,216
Brick-1.130,216
Brick-1.135,216
Brick-1.173,216
Brick-1.177,216
Brick-1.13,217
Brick-1.16,217
Brick-1.24,217
Brick-1.29,217
Brick-1.39,217
Brick-1.43,217
Brick-1.63,217
Brick-1.73,217
Brick-1.90,217
Brick-1.91,217
Brick-1.96,217
Brick-1.114,217
Brick-1.128,217
Brick-1.189,217
Brick-1.193,217
Brick-1.195,217
Brick-1.198,217
Brick-1.2,218
Brick-1.5,218
Brick-1.21,218
Brick-1.23,218
Brick-1.44,218
Brick-1.49,218
Brick-1.54,218
Brick-1.56,218
Brick-1.80,218
Brick-1.81,218
Brick-1.86,218
Brick-1.98,218
Brick-1.99,218
Brick-1.102,218
Brick-1.143,218
Brick-1.164,218
Brick-1.67,219
Brick-1.70,219
Brick-1.94,219
Brick-1.117,219
Brick-1.131,222
Brick-1.7,226
Brick-1.125,226
Brick-1.4,228
Brick-1.181,228
Brick-1.160,235
Brick-1.122,241
Brick-1.33,243
Brick-1.184,243
Brick-1.118,246
Brick-1.10,249
Brick-1.77,249
Brick-1.101,249
Brick-1.167,249
Brick-1.168,249
Brick-1.120,251
Brick-1.82,252
Brick-1.89,252
Brick-1.159,252
Brick-1.148,253
Brick-1.15,254
Brick-1.20,254
Brick-1.26,254
Brick-1.133,254
Brick-1.103,255
Brick-1.79,256
Brick-1.183,256
Brick-1.27,257
Brick-1.106,257
Brick-1.175,257
Brick-1.182,257
Brick-1.25,258
Brick-1.47,259
Brick-1.66,259
Brick-1.74,259
Brick-1.132,259
Brick-1.76,260
Brick-1.199,260
Brick-1.68,261
Brick-1.78,261
Brick-1.121,261
Brick-1.147,261
Brick-1.150,261
Brick-1.28,262
Brick-1.50,262
Brick-1.87,262
Brick-1.105,262
Brick-1.116,262
Brick-1.146,262
Brick-1.161,262
Brick-1.163,262
Brick-1.179,262
Brick-1.197,262
Brick-1.17,263
Brick-1.119,263
Brick-1.170,263
Brick-1.22,264
Brick-1.30,264
Brick-1.95,264
Brick-1.104,264
Brick-1.109,264
Brick-1.155,264
Brick-1.166,264
Brick-1.178,264
Brick-1.14,265
Brick-1.18,265
Brick-1.58,265
Brick-1.142,265
Brick-1.186,265
Brick-1.111,266
Brick-1.127,266
Brick-1.188,266
Brick-1.9,267
Brick-1.32,267
Brick-1.38,267
Brick-1.45,267
Brick-1.84,267
Brick-1.92,267
Brick-1.97,267
Brick-1.124,267
Brick-1.136,267
Brick-1.144,267
Brick-1.152,267
Brick-1.165,267
Brick-1.169,267
Brick-1.174,267
Brick-1.191,267
Brick-1.37,268
Brick-1.107,268
Brick-1.129,268
Brick-1.137,268
Brick-1.145,268
Brick-1.3,269
Brick-1.8,269
Brick-1.12,269
Brick-1.19,269
Brick-1.34,269
Brick-1.40,269
Brick-1.46,269
Brick-1.55,269
Brick-1.115,269
Brick-1.141,269
Brick-1.176,269
Brick-1.180,269
Brick-1.190,269
Brick-1.194,269
Brick-1.0,270
Brick-1.1,270
Brick-1.6,270
Brick-1.51,270
Brick-1.52,270
Brick-1.57,270
Brick-1.59,270
Brick-1.60,270
Brick-1.62,270
Brick-1.85,270
Brick-1.108,270
Brick-1.113,270
Brick-1.126,270
Brick-1.134,270
Brick-1.139,270
Brick-1.149,270
Brick-1.154,270
Brick-1.156,270
Brick-1.171,270
Brick-1.172,270
Brick-1.187,270
Brick-1.192,270
Brick-1.112,271
Brick-1.157,271
Brick-1.31,272
Brick-1.72,272
Brick-1.151,272
Brick-1.53,273
Brick-1.61,273
Brick-1.110,273
Brick-1.138,273
Brick-1.140,273
Brick-1.185,273
Brick-1.196,273
Brick-1.36,274
Brick-1.42,274
Brick-1.65,274
Brick-1.153,275
Brick-1.162,275
Brick-1.64,276
Brick-1.71,276
Brick-1.83,276
Brick-1.11,277
Brick-1.69,277
Brick-1.93,277
Brick-1.158,277
Brick-1.123,278
Brick-1.173,279
Brick-1.35,280
Brick-1.48,280
Brick-1.75,280
Brick-1.88,280
Brick-1.100,280
Brick-1.130,280
Brick-1.135,280
Brick-1.41,281
Brick-1.177,281
Brick-1.24,282
Brick-1.29,282
Brick-1.63,282
Brick-1.73,282
Brick-1.90,282
Brick-1.96,282
Brick-1.189,282
Brick-1.195,282
Brick-1.16,283
Brick-1.39,283
Brick-1.43,283
Brick-1.114,283
Brick-1.128,283
Brick-1.193,283
Brick-1.198,283
Brick-1.13,284
Brick-1.54,284
Brick-1.91,284
Brick-1.80,285
Brick-1.102,285
Brick-1.143,285
Brick-1.164,285
Brick-1.2,286
Brick-1.21,286
Brick-1.44,286
Brick-1.49,286
Brick-1.56,286
Brick-1.99,286
Brick-1.160,286
Brick-1.5,287
Brick-1.23,287
Brick-1.81,287
Brick-1.98,287
Brick-1.94,288
Brick-1.122,288
Brick-1.86,289
Brick-1.117,289
Brick-1.70,290
Brick-1.33,291
Brick-1.67,291
Brick-1.184,292
Brick-1.118,295
Brick-1.131,296
Brick-1.7,297
Brick-1.125,298
Brick-1.10,299
Brick-1.77,299
Brick-1.167,299
Brick-1.168,299
Brick-1.101,300
Brick-1.181,300
Brick-1.4,301
Brick-1.120,302
Brick-1.89,303
Brick-1.159,303
Brick-1.82,304
Brick-1.148,305
Brick-1.15,306
Brick-1.20,306
Brick-1.26,306
Brick-1.133,306
Brick-1.103,308
Brick-1.183,308
Brick-1.79,309
Brick-1.27,311
Brick-1.106,311
Brick-1.175,311
Brick-1.25,312
Brick-1.182,312
Brick-1.47,313
Brick-1.66,313
Brick-1.132,313
Brick-1.74,314
Brick-1.76,315
Brick-1.199,315
Brick-1.68,316
Brick-1.78,316
Brick-1.121,316
Brick-1.147,316
Brick-1.150,316
Brick-1.28,318
Brick-1.50,318
Brick-1.87,318
Brick-1.116,318
Brick-1.146,318
Brick-1.161,318
Brick-1.163,318
Brick-1.179,318
Brick-1.197,318
Brick-1.104,319
Brick-1.105,319
Brick-1.170,319
Brick-1.17,320
Brick-1.119,320
Brick-1.155,320
Brick-1.22,321
Brick-1.30,321
Brick-1.95,321
Brick-1.109,321
Brick-1.166,321
Brick-1.178,321
Brick-1.18,322
Brick-1.186,322
Brick-1.14,323
Brick-1.142,323
Brick-1.58,324
Brick-1.127,324
Brick-1.174,324
Brick-1.38,325
Brick-1.45,325
Brick-1.92,325
Brick-1.97,325
Brick-1.111,325
Brick-1.124,325
Brick-1.144,325
Brick-1.169,325
Brick-1.191,325
Brick-1.9,326
Brick-1.32,326
Brick-1.84,326
Brick-1.107,326
Brick-1.136,326
Brick-1.152,326
Brick-1.165,326
Brick-1.188,326
Brick-1.37,327
Brick-1.129,327
Brick-1.137,327
Brick-1.145,327
Brick-1.3,328
Brick-1.8,328
Brick-1.12,328
Brick-1.34,328
Brick-1.46,328
Brick-1.55,328
Brick-1.141,328
Brick-1.176,328
Brick-1.194,328
Brick-1.19,329
Brick-1.40,329
Brick-1.115,329
Brick-1.180,329
Brick-1.190,329
Brick-1.0,330
Brick-1.1,330
Brick-1.6,330
Brick-1.51,330
Brick-1.108,330
Brick-1.113,330
Brick-1.134,330
Brick-1.149,330
Brick-1.156,330
Brick-1.52,331
Brick-1.57,331
Brick-1.59,331
Brick-1.60,331
Brick-1.62,331
Brick-1.85,331
Brick-1.126,331
Brick-1.139,331
Brick-1.154,331
Brick-1.171,331
Brick-1.187,331
Brick-1.192,331
Brick-1.172,332
Brick-1.31,333
Brick-1.72,333
Brick-1.151,333
Brick-1.112,334
Brick-1.157,334
Brick-1.61,335
Brick-1.138,335
Brick-1.140,335
Brick-1.196,335
Brick-1.53,336
Brick-1.110,336
Brick-1.185,336
Brick-1.36,337
Brick-1.65,337
Brick-1.83,338
Brick-1.42,339
Brick-1.162,339
Brick-1.64,340
Brick-1.69,340
Brick-1.71,340
Brick-1.153,340
Brick-1.11,341
Brick-1.93,341
Brick-1.158,341
Brick-1.160,341
Brick-1.173,342
Brick-1.75,343
Brick-1.135,343
Brick-1.48,344
Brick-1.100,344
Brick-1.35,345
Brick-1.41,345
Brick-1.88,345
Brick-1.123,345
Brick-1.130,345
Brick-1.24,346
Brick-1.90,346
Brick-1.96,346
Brick-1.122,346
Brick-1.177,346
Brick-1.29,347
Brick-1.33,347
Brick-1.63,347
Brick-1.73,347
Brick-1.189,347
Brick-1.195,347
Brick-1.16,348
Brick-1.43,348
Brick-1.114,348
Brick-1.128,348
Brick-1.39,349
Brick-1.184,349
Brick-1.193,349
Brick-1.198,349
Brick-1.54,350
Brick-1.102,351
Brick-1.118,351
Brick-1.13,352
Brick-1.80,352
Brick-1.91,352
Brick-1.10,353
Brick-1.49,353
Brick-1.99,353
Brick-1.143,353
Brick-1.164,353
Brick-1.167,353
Brick-1.2,354
Brick-1.21,354
Brick-1.44,354
Brick-1.56,354
Brick-1.168,354
Brick-1.77,355
Brick-1.101,355
Brick-1.5,356
Brick-1.23,356
Brick-1.98,356
Brick-1.81,357
Brick-1.89,357
Brick-1.94,357
Brick-1.159,357
Brick-1.86,358
Brick-1.117,358
Brick-1.120,358
Brick-1.148,358
Brick-1.70,359
Brick-1.15,360
Brick-1.20,360
Brick-1.26,360
Brick-1.82,360
Brick-1.133,360
Brick-1.67,361
Brick-1.103,361
Brick-1.183,361
Brick-1.79,364
Brick-1.27,365
Brick-1.131,365
Brick-1.7,366
Brick-1.175,366
Brick-1.25,367
Brick-1.106,367
Brick-1.47,368
Brick-1.125,368
Brick-1.132,368
Brick-1.66,369
Brick-1.182,369
Brick-1.74,370
Brick-1.76,370
Brick-1.150,371
Brick-1.181,371
Brick-1.199,371
Brick-1.68,372
Brick-1.78,372
Brick-1.121,372
Brick-1.147,372
Brick-1.4,373
Brick-1.28,374
Brick-1.50,374
Brick-1.87,374
Brick-1.116,374
Brick-1.146,374
Brick-1.161,374
Brick-1.163,374
Brick-1.179,374
Brick-1.197,374
Brick-1.104,375
Brick-1.170,375
Brick-1.105,376
Brick-1.17,377
Brick-1.119,377
Brick-1.155,377
Brick-1.22,378
Brick-1.30,378
Brick-1.95,378
Brick-1.109,378
Brick-1.166,378
Brick-1.178,378
Brick-1.18,379
Brick-1.186,379
Brick-1.14,381
Brick-1.142,381
Brick-1.127,382
Brick-1.144,382
Brick-1.169,382
Brick-1.174,382
Brick-1.191,382
Brick-1.38,383
Brick-1.45,383
Brick-1.58,383
Brick-1.124,383
Brick-1.9,384
Brick-1.32,384
Brick-1.92,384
Brick-1.97,384
Brick-1.136,384
Brick-1.165,384
Brick-1.84,385
Brick-1.107,385
Brick-1.111,385
Brick-1.37,386
Brick-1.129,386
Brick-1.145,386
Brick-1.152,386
Brick-1.188,386
Brick-1.3,387
Brick-1.12,387
Brick-1.46,387
Brick-1.137,387
Brick-1.141,387
Brick-1.176,387
Brick-1.194,387
Brick-1.8,388
Brick-1.34,388
Brick-1.55,388
Brick-1.19,389
Brick-1.40,389
Brick-1.115,389
Brick-1.180,389
Brick-1.190,389
Brick-1.0,390
Brick-1.1,390
Brick-1.6,390
Brick-1.51,390
Brick-1.108,390
Brick-1.113,390
Brick-1.134,390
Brick-1.149,390
Brick-1.156,390
Brick-1.52,392
Brick-1.57,392
Brick-1.59,392
Brick-1.62,392
Brick-1.85,392
Brick-1.139,392
Brick-1.171,392
Brick-1.187,392
Brick-1.60,393
Brick-1.126,393
Brick-1.151,393
Brick-1.154,393
Brick-1.160,393
Brick-1.192,393
Brick-1.31,394
Brick-1.72,394
Brick-1.172,395
Brick-1.61,397
Brick-1.157,397
Brick-1.196,397
Brick-1.112,398
Brick-1.138,398
Brick-1.140,398
Brick-1.53,399
Brick-1.83,399
Brick-1.110,399
Brick-1.185,399
Brick-1.36,400
Brick-1.65,400
Brick-1.33,401
Brick-1.122,401
Brick-1.69,402
Brick-1.64,403
Brick-1.153,403
Brick-1.162,403
Brick-1.11,404
Brick-1.42,404
Brick-1.71,404
Brick-1.158,404
Brick-1.184,404
Brick-1.93,405
Brick-1.118,405
Brick-1.173,405
Brick-1.135,406
Brick-1.48,407
Brick-1.75,407
Brick-1.168,407
Brick-1.35,408
Brick-1.88,408
Brick-1.100,408
Brick-1.10,409
Brick-1.167,409
Brick-1.41,410
Brick-1.96,410
Brick-1.123,410
Brick-1.130,410
Brick-1.177,410
Brick-1.24,411
Brick-1.29,411
Brick-1.63,411
Brick-1.73,411
Brick-1.90,411
Brick-1.101,411
Brick-1.77,412
Brick-1.189,412
Brick-1.195,412
Brick-1.16,413
Brick-1.39,413
Brick-1.43,413
Brick-1.89,413
Brick-1.128,413
Brick-1.114,414
Brick-1.120,414
Brick-1.193,414
Brick-1.198,414
Brick-1.20,415
Brick-1.54,415
Brick-1.159,415
Brick-1.15,416
Brick-1.102,416
Brick-1.148,416
Brick-1.26,417
Brick-1.82,417
Brick-1.133,417
Brick-1.13,418
Brick-1.21,418
Brick-1.80,418
Brick-1.183,418
Brick-1.2,419
Brick-1.44,419
Brick-1.49,419
Brick-1.91,419
Brick-1.99,419
Brick-1.103,419
Brick-1.143,419
Brick-1.164,419
Brick-1.56,420
Brick-1.79,420
Brick-1.23,421
Brick-1.27,421
Brick-1.175,421
Brick-1.25,422
Brick-1.98,422
Brick-1.5,423
Brick-1.47,423
Brick-1.106,423
Brick-1.132,423
Brick-1.76,424
Brick-1.94,424
Brick-1.66,425
Brick-1.81,425
Brick-1.74,426
Brick-1.182,426
Brick-1.117,427
Brick-1.68,428
Brick-1.70,428
Brick-1.86,428
Brick-1.147,428
Brick-1.199,428
Brick-1.67,429
Brick-1.78,429
Brick-1.121,429
Brick-1.150,429
Brick-1.87,430
Brick-1.146,430
Brick-1.161,430
Brick-1.163,430
Brick-1.179,430
Brick-1.197,430
Brick-1.28,431
Brick-1.50,431
Brick-1.104,431
Brick-1.116,431
Brick-1.170,432
Brick-1.119,434
Brick-1.155,434
Brick-1.105,435
Brick-1.7,436
Brick-1.17,436
Brick-1.22,436
Brick-1.30,436
Brick-1.95,436
Brick-1.109,436
Brick-1.18,437
Brick-1.131,437
Brick-1.166,437
Brick-1.178,437
Brick-1.186,437
Brick-1.125,438
Brick-1.14,439
Brick-1.142,439
Brick-1.169,439
Brick-1.127,440
Brick-1.144,440
Brick-1.174,440
Brick-1.191,440
Brick-1.9,441
Brick-1.38,441
Brick-1.124,441
Brick-1.136,441
Brick-1.181,441
Brick-1.4,442
Brick-1.32,442
Brick-1.45,442
Brick-1.165,442
Brick-1.58,443
Brick-1.84,443
Brick-1.92,443
Brick-1.97,443
Brick-1.37,444
Brick-1.107,444
Brick-1.111,445
Brick-1.129,445
Brick-1.145,445
Brick-1.188,445
Brick-1.3,446
Brick-1.46,446
Brick-1.137,446
Brick-1.141,446
Brick-1.152,446
Brick-1.176,446
Brick-1.194,446
Brick-1.12,447
Brick-1.34,447
Brick-1.55,447
Brick-1.160,447
Brick-1.8,448
Brick-1.115,448
Brick-1.190,448
Brick-1.19,449
Brick-1.40,449
Brick-1.180,449
Brick-1.0,450
Brick-1.1,450
Brick-1.6,450
Brick-1.51,450
Brick-1.108,450
Brick-1.113,450
Brick-1.134,450
Brick-1.149,450
Brick-1.156,450
Brick-1.85,452
Brick-1.52,453
Brick-1.57,453
Brick-1.59,453
Brick-1.62,453
Brick-1.139,453
Brick-1.171,453
Brick-1.187,453
Brick-1.151,454
Brick-1.31,455
Brick-1.33,455
Brick-1.60,455
Brick-1.122,455
Brick-1.126,455
Brick-1.154,455
Brick-1.192,455
Brick-1.72,456
Brick-1.184,456
Brick-1.172,458
Brick-1.196,458
Brick-1.61,459
Brick-1.83,460
Brick-1.140,460
Brick-1.157,460
Brick-1.53,461
Brick-1.112,461
Brick-1.118,461
Brick-1.138,461
Brick-1.168,461
Brick-1.65,462
Brick-1.110,462
Brick-1.185,462
Brick-1.36,463
Brick-1.64,464
Brick-1.69,464
Brick-1.10,465
Brick-1.167,465
Brick-1.11,466
Brick-1.162,466
Brick-1.153,467
Brick-1.158,467
Brick-1.42,468
Brick-1.71,468
Brick-1.77,468
Brick-1.101,468
Brick-1.173,468
Brick-1.93,469
Brick-1.35,470
Brick-1.120,470
Brick-1.135,470
Brick-1.48,471
Brick-1.75,471
Brick-1.89,471
Brick-1.15,472
Brick-1.88,472
Brick-1.100,472
Brick-1.133,472
Brick-1.148,472
Brick-1.20,473
Brick-1.24,473
Brick-1.26,473
Brick-1.96,473
Brick-1.130,473
Brick-1.41,474
Brick-1.63,474
Brick-1.73,474
Brick-1.82,474
Brick-1.159,474
Brick-1.177,474
Brick-1.29,475
Brick-1.90,475
Brick-1.123,475
Brick-1.183,475
Brick-1.195,475
Brick-1.43,476
Brick-1.103,476
Brick-1.189,476
Brick-1.16,477
Brick-1.39,477
Brick-1.79,477
Brick-1.128,477
Brick-1.27,478
Brick-1.114,478
Brick-1.193,478
Brick-1.198,478
Brick-1.25,479
Brick-1.54,479
Brick-1.132,479
Brick-1.175,479
Brick-1.102,481
Brick-1.106,481
Brick-1.47,482
Brick-1.66,482
Brick-1.74,483
Brick-1.76,483
Brick-1.164,483
Brick-1.182,483
Brick-1.13,484
Brick-1.21,484
Brick-1.49,484
Brick-1.80,484
Brick-1.2,485
Brick-1.99,485
Brick-1.121,485
Brick-1.143,485
Brick-1.147,485
Brick-1.44,486
Brick-1.68,486
Brick-1.91,486
Brick-1.199,486
Brick-1.56,487
Brick-1.78,487
Brick-1.163,487
Brick-1.179,487
Brick-1.87,488
Brick-1.150,488
Brick-1.161,488
Brick-1.197,488
Brick-1.5,489
Brick-1.28,489
Brick-1.50,489
Brick-1.98,489
Brick-1.104,489
Brick-1.116,489
Brick-1.146,489
Brick-1.23,491
Brick-1.94,491
Brick-1.119,491
Brick-1.170,491
Brick-1.81,492
Brick-1.105,493
Brick-1.17,494
Brick-1.18,494
Brick-1.22,494
Brick-1.30,494
Brick-1.86,494
Brick-1.95,494
Brick-1.109,494
Brick-1.117,494
Brick-1.155,494
Brick-1.70,495
Brick-1.166,495
Brick-1.178,495
Brick-1.186,495
Brick-1.142,497
Brick-1.191,497
Brick-1.14,498
Brick-1.67,498
Brick-1.127,498
Brick-1.144,498
Brick-1.169,498
Brick-1.174,498
Brick-1.9,499
Brick-1.124,499
Brick-1.136,499
Brick-1.160,499
Brick-1.38,500
